GROUP,PACKAGE,CLASS,INSTRUCTION_MISSED,INSTRUCTION_COVERED,BRANCH_MISSED,BRANCH_COVERED,LINE_MISSED,LINE_COVERED,COMPLEXITY_MISSED,COMPLEXITY_COVERED,METHOD_MISSED,METHOD_COVERED
Siddhi Extension - IBMMQ Transport,org.wso2.extension.siddhi.io.ibmmq.sink.exception,IBMMQSinkAdaptorRuntimeException,16,0,0,0,8,0,4,0,4,0
Siddhi Extension - IBMMQ Transport,org.wso2.extension.siddhi.io.ibmmq.source,IBMMessageConsumerThread.new ExceptionListener() {...},47,0,4,0,8,0,4,0,2,0
Siddhi Extension - IBMMQ Transport,org.wso2.extension.siddhi.io.ibmmq.source,IBMMessageConsumerThread,287,0,22,0,74,0,19,0,8,0
Siddhi Extension - IBMMQ Transport,org.wso2.extension.siddhi.io.ibmmq.source,IBMMQSource,365,0,18,0,73,0,21,0,12,0
Siddhi Extension - IBMMQ Transport,org.wso2.extension.siddhi.io.ibmmq.source,IBMMQConnectionRetryHandler,137,0,8,0,36,0,8,0,4,0
Siddhi Extension - IBMMQ Transport,org.wso2.extension.siddhi.io.ibmmq.source,IBMMessageConsumerBean,75,0,0,0,31,0,19,0,19,0
Siddhi Extension - IBMMQ Transport,org.wso2.extension.siddhi.io.ibmmq.source,IBMMessageConsumerGroup,112,0,4,0,26,0,8,0,6,0
Siddhi Extension - IBMMQ Transport,org.wso2.extension.siddhi.io.ibmmq.util,IBMMQConstants,3,0,0,0,1,0,1,0,1,0
Siddhi Extension - IBMMQ Transport,org.wso2.extension.siddhi.io.ibmmq.sink,IBMMQSink,495,0,24,0,102,0,25,0,13,0
Siddhi Extension - IBMMQ Transport,org.wso2.extension.siddhi.io.ibmmq.source.exception,IBMMQSourceAdaptorRuntimeException,16,0,0,0,8,0,4,0,4,0
